asin,main_url,last_visited,child_url,position,name
B074XBLN2J,https://www.amazon.in/s/260-3287618-1190060?fst=as%3Aoff&rh=n%3A1571271031%2Cn%3A%211571272031%2Cn%3A1953602031%2Cn%3A1968253031%2Cn%3A1968256031%2Cp_36%3A4595088031&bbn=1968256031&ie=UTF8&low-price=251125.01&high-price=500750.0,2019-12-05T08:44:52,https://www.amazon.in/Rajasthani-Look-Embroidered-Georgette-Mustard/dp/B074XBLN2J/,1,Women's Embroidered Georgette Saree in Mustard
B0721GWD8G,https://www.amazon.in/s/260-3287618-1190060?fst=as%3Aoff&rh=n%3A1571271031%2Cn%3A%211571272031%2Cn%3A1953602031%2Cn%3A1968253031%2Cn%3A1968256031%2Cp_36%3A4595088031&bbn=1968256031&ie=UTF8&low-price=126312.51&high-price=251125.0,2019-12-05T08:44:56,https://www.amazon.in/Generic-Georgette-Fashionable-fashion_225-Multicolour/dp/B0721GWD8G/,1,"Women's Maa Fashion Georgette Fashionable Tussar Rayon Saree (maa fashion_225, Multicolour, Free Size)"
B00TH3GVHW,https://www.amazon.in/s/260-3287618-1190060?fst=as%3Aoff&rh=n%3A1571271031%2Cn%3A%211571272031%2Cn%3A1953602031%2Cn%3A1968253031%2Cn%3A1968256031%2Cp_36%3A4595088031&bbn=1968256031&ie=UTF8&low-price=126312.51&high-price=251125.0,2019-12-05T08:44:56,https://www.amazon.in/Gehna-Womens-Silk-Saree-Gsrss61514_Pink/dp/B00TH3GVHW/,2,Women's Art Silk Saree (Gsrss61514_Pink)
B077G1TZTX,https://www.amazon.in/s/260-4860518-0891746?fst=as%3Aoff&rh=n%3A1571271031%2Cn%3A%211571272031%2Cn%3A1953602031%2Cn%3A1968253031%2Cn%3A1968255031%2Cp_36%3A4595088031&bbn=1968255031&ie=UTF8&low-price=63906.26&high-price=126312.5,2019-12-05T08:45:03,https://www.amazon.in/Vedant-Fashion-Womens-color-Rayon/dp/B077G1TZTX/,1,"Women's Rayon Kurti (Navy Blue, Small)"
B07H9XBCL1,https://www.amazon.in/s/260-4860518-0891746?fst=as%3Aoff&rh=n%3A1571271031%2Cn%3A%211571272031%2Cn%3A1953602031%2Cn%3A1968253031%2Cn%3A1968255031%2Cp_36%3A4595088031&bbn=1968255031&ie=UTF8&low-price=63906.26&high-price=126312.5,2019-12-05T08:45:03,https://www.amazon.in/Ashima-Leena-Womens-Straight-AL-008_S_Brown_34/dp/B07H9XBCL1/,2,Women's Straight Kurta
B07H9LVJG5,https://www.amazon.in/s/260-4860518-0891746?fst=as%3Aoff&rh=n%3A1571271031%2Cn%3A%211571272031%2Cn%3A1953602031%2Cn%3A1968253031%2Cn%3A1968255031%2Cp_36%3A4595088031&bbn=1968255031&ie=UTF8&low-price=63906.26&high-price=126312.5,2019-12-05T08:45:03,https://www.amazon.in/Ashima-Leena-Womens-AL-003_M_Blue-Pink_36/dp/B07H9LVJG5/,3,Women's A-Line Kurta (Pack of 3)
B07H7SBX11,https://www.amazon.in/s/260-4860518-0891746?fst=as%3Aoff&rh=n%3A1571271031%2Cn%3A%211571272031%2Cn%3A1953602031%2Cn%3A1968253031%2Cn%3A1968255031%2Cp_36%3A4595088031&bbn=1968255031&ie=UTF8&low-price=63906.26&high-price=126312.5,2019-12-05T08:45:03,https://www.amazon.in/Ashima-Leena-Womens-Dress-AL-004_S_Gold_34/dp/B07H7SBX11/,4,Women's Dress Suit (Pack of 3) (AL-004_S_Gold_34)
B07H1HQPWX,https://www.amazon.in/s/260-3287618-1190060?fst=as%3Aoff&rh=n%3A1571271031%2Cn%3A%211571272031%2Cn%3A1953602031%2Cn%3A1968253031%2Cn%3A1968256031%2Cp_36%3A4595088031&bbn=1968256031&ie=UTF8&low-price=63906.26&high-price=126312.5,2019-12-05T08:45:06,https://www.amazon.in/Mayuri-Silk-Palace-Pink-Saree/dp/B07H1HQPWX/,1,Pink Pure Muga Silk Saree
B081CK3TSC,https://www.amazon.in/s/260-3287618-1190060?fst=as%3Aoff&rh=n%3A1571271031%2Cn%3A%211571272031%2Cn%3A1953602031%2Cn%3A1968253031%2Cn%3A1968256031%2Cp_36%3A4595088031&bbn=1968256031&ie=UTF8&low-price=63906.26&high-price=126312.5,2019-12-05T08:45:06,https://www.amazon.in/Khatri-Gharchola-Bandhani-Saree-Handmade/dp/B081CK3TSC/,2,Gaji Silk Gharchola Bandhani Saree Bandhani Handmade Black - Grey
B081CJB7CQ,https://www.amazon.in/s/260-3287618-1190060?fst=as%3Aoff&rh=n%3A1571271031%2Cn%3A%211571272031%2Cn%3A1953602031%2Cn%3A1968253031%2Cn%3A1968256031%2Cp_36%3A4595088031&bbn=1968256031&ie=UTF8&low-price=63906.26&high-price=126312.5,2019-12-05T08:45:06,https://www.amazon.in/Khatri-Gharchola-Bandhani-Saree-Handmade/dp/B081CJB7CQ/,3,Gaji Silk Gharchola Bandhani Saree Bandhani Handmade Blue kutch
B081C94T5Z,https://www.amazon.in/s/260-3287618-1190060?fst=as%3Aoff&rh=n%3A1571271031%2Cn%3A%211571272031%2Cn%3A1953602031%2Cn%3A1968253031%2Cn%3A1968256031%2Cp_36%3A4595088031&bbn=1968256031&ie=UTF8&low-price=63906.26&high-price=126312.5,2019-12-05T08:45:06,https://www.amazon.in/Khatri-Gharchola-Bandhani-Saree-Handmade/dp/B081C94T5Z/,4,Gaji Silk Gharchola Bandhani Saree Bandhani Handmade Green
B081C4Y5W6,https://www.amazon.in/s/260-3287618-1190060?fst=as%3Aoff&rh=n%3A1571271031%2Cn%3A%211571272031%2Cn%3A1953602031%2Cn%3A1968253031%2Cn%3A1968256031%2Cp_36%3A4595088031&bbn=1968256031&ie=UTF8&low-price=63906.26&high-price=126312.5,2019-12-05T08:45:06,https://www.amazon.in/Khatri-Gharchola-Bandhani-Saree-Handmade/dp/B081C4Y5W6/,5,Gaji Silk Gharchola Bandhani Saree Kutch Bandhani Handmade Green - Red
B07V58NYKZ,https://www.amazon.in/s/260-3287618-1190060?fst=as%3Aoff&rh=n%3A1571271031%2Cn%3A%211571272031%2Cn%3A1953602031%2Cn%3A1968253031%2Cn%3A1968256031%2Cp_36%3A4595088031&bbn=1968256031&ie=UTF8&low-price=63906.26&high-price=126312.5,2019-12-05T08:45:06,https://www.amazon.in/KANHA-Banarasi-Blouse-unique-pattern/dp/B07V58NYKZ/,6,Women Banarasi black Pure silk Saree With Blouse Piece unique pattern
B07V582K4R,https://www.amazon.in/s/260-3287618-1190060?fst=as%3Aoff&rh=n%3A1571271031%2Cn%3A%211571272031%2Cn%3A1953602031%2Cn%3A1968253031%2Cn%3A1968256031%2Cp_36%3A4595088031&bbn=1968256031&ie=UTF8&low-price=63906.26&high-price=126312.5,2019-12-05T08:45:06,https://www.amazon.in/KANHA-Banarasi-Blouse-unique-pattern/dp/B07V582K4R/,7,Women Banarasi peach gold Pure silk Saree With Blouse Piece unique pattern
B07V57T7XY,https://www.amazon.in/s/260-3287618-1190060?fst=as%3Aoff&rh=n%3A1571271031%2Cn%3A%211571272031%2Cn%3A1953602031%2Cn%3A1968253031%2Cn%3A1968256031%2Cp_36%3A4595088031&bbn=1968256031&ie=UTF8&low-price=63906.26&high-price=126312.5,2019-12-05T08:45:06,https://www.amazon.in/KANHA-Women-Banarasi-unique-pattern/dp/B07V57T7XY/,8,Women Banarasi navy blue Pure silk Saree With full zari work unique pattern
B07V57KL1V,https://www.amazon.in/s/260-3287618-1190060?fst=as%3Aoff&rh=n%3A1571271031%2Cn%3A%211571272031%2Cn%3A1953602031%2Cn%3A1968253031%2Cn%3A1968256031%2Cp_36%3A4595088031&bbn=1968256031&ie=UTF8&low-price=63906.26&high-price=126312.5,2019-12-05T08:45:06,https://www.amazon.in/KANHA-Banarasi-golden-colour-pattern/dp/B07V57KL1V/,9,Women Banarasi golden colour Pure silk Saree With Blouse Piece unique pattern
B07V49QKD3,https://www.amazon.in/s/260-3287618-1190060?fst=as%3Aoff&rh=n%3A1571271031%2Cn%3A%211571272031%2Cn%3A1953602031%2Cn%3A1968253031%2Cn%3A1968256031%2Cp_36%3A4595088031&bbn=1968256031&ie=UTF8&low-price=63906.26&high-price=126312.5,2019-12-05T08:45:06,https://www.amazon.in/KANHA-Banarasi-Blouse-unique-pattern/dp/B07V49QKD3/,10,Women Banarasi NAVY BLUE Pure silk Saree With Blouse Piece unique pattern
B07V1PNXGY,https://www.amazon.in/s/260-3287618-1190060?fst=as%3Aoff&rh=n%3A1571271031%2Cn%3A%211571272031%2Cn%3A1953602031%2Cn%3A1968253031%2Cn%3A1968256031%2Cp_36%3A4595088031&bbn=1968256031&ie=UTF8&low-price=63906.26&high-price=126312.5,2019-12-05T08:45:06,https://www.amazon.in/KANHA-Banarasi-Blouse-unique-pattern/dp/B07V1PNXGY/,11,Women Banarasi red Pure silk Saree With Blouse Piece unique pattern
B07FMYXGMV,https://www.amazon.in/s/260-3287618-1190060?fst=as%3Aoff&rh=n%3A1571271031%2Cn%3A%211571272031%2Cn%3A1953602031%2Cn%3A1968253031%2Cn%3A1968256031%2Cp_36%3A4595088031&bbn=1968256031&ie=UTF8&low-price=63906.26&high-price=126312.5,2019-12-05T08:45:06,https://www.amazon.in/Talking-Threads-Banarasi-Georgette-TT-12942SABNKRJ/dp/B07FMYXGMV/,12,"Women's Ombre Banarasi Kadhwa Zari Bandhej Georgette Saree (TT-12942SABNKRJ,Orange and Red,Free Size)"
B078K4NYPS,https://www.amazon.in/s/260-3287618-1190060?fst=as%3Aoff&rh=n%3A1571271031%2Cn%3A%211571272031%2Cn%3A1953602031%2Cn%3A1968253031%2Cn%3A1968256031%2Cp_36%3A4595088031&bbn=1968256031&ie=UTF8&low-price=63906.26&high-price=126312.5,2019-12-05T08:45:06,https://www.amazon.in/Jinka-Silks-Kanchipuram-Handloom-Womens/dp/B078K4NYPS/,13,Kanchipuram Handloom Women's Silk Saree With Blouse Piece (Yellow)
B074C2QXDM,https://www.amazon.in/s/260-3287618-1190060?fst=as%3Aoff&rh=n%3A1571271031%2Cn%3A%211571272031%2Cn%3A1953602031%2Cn%3A1968253031%2Cn%3A1968256031%2Cp_36%3A4595088031&bbn=1968256031&ie=UTF8&low-price=63906.26&high-price=126312.5,2019-12-05T08:45:06,https://www.amazon.in/Talking-Threads-Crepe-Blouse-TT-12057SAPWCRE_Ivory_Free/dp/B074C2QXDM/,14,Crepe Saree with Blouse Piece (TT-12057SAPWCRE_Ivory_Free Size)
B073RCK25W,https://www.amazon.in/s/260-3287618-1190060?fst=as%3Aoff&rh=n%3A1571271031%2Cn%3A%211571272031%2Cn%3A1953602031%2Cn%3A1968253031%2Cn%3A1968256031%2Cp_36%3A4595088031&bbn=1968256031&ie=UTF8&low-price=63906.26&high-price=126312.5,2019-12-05T08:45:06,https://www.amazon.in/Banaras-exports-House-Womens-Orange/dp/B073RCK25W/,15,Women's Silk Saree (Orange)
B06X8YBYBY,https://www.amazon.in/s/260-3287618-1190060?fst=as%3Aoff&rh=n%3A1571271031%2Cn%3A%211571272031%2Cn%3A1953602031%2Cn%3A1968253031%2Cn%3A1968256031%2Cp_36%3A4595088031&bbn=1968256031&ie=UTF8&low-price=63906.26&high-price=126312.5,2019-12-05T08:45:06,https://www.amazon.in/Talking-Threads-Crepe-Blouse-TT-11478SAPWKAL_Ivory_Free/dp/B06X8YBYBY/,16,Crepe Saree with Blouse Piece (TT-11478SAPWKAL_Ivory_Free Size)
B06XTTWL2N,https://www.amazon.in/s/260-3287618-1190060?fst=as%3Aoff&rh=n%3A1571271031%2Cn%3A%211571272031%2Cn%3A1953602031%2Cn%3A1968253031%2Cn%3A1968256031%2Cp_36%3A4595088031&bbn=1968256031&ie=UTF8&low-price=32703.129999999997&high-price=63906.25,2019-12-05T08:45:09,https://www.amazon.in/xoxobuy-Womens-Silk-Saree-Abc1122D_Blue/dp/B06XTTWL2N/,1,Women's Silk Saree (Abc1122D_Blue)
B07V1PMGTT,https://www.amazon.in/s/260-3287618-1190060?fst=as%3Aoff&rh=n%3A1571271031%2Cn%3A%211571272031%2Cn%3A1953602031%2Cn%3A1968253031%2Cn%3A1968256031%2Cp_36%3A4595088031&bbn=1968256031&ie=UTF8&low-price=32703.129999999997&high-price=63906.25,2019-12-05T08:45:09,https://www.amazon.in/KANHA-Womens-Banarasi-Unique-Pattern/dp/B07V1PMGTT/,2,Women's Banarasi Silk Unique Pattern Saree with Blouse Piece (Blue)
B01NBL7GNE,https://www.amazon.in/s/260-3287618-1190060?fst=as%3Aoff&rh=n%3A1571271031%2Cn%3A%211571272031%2Cn%3A1953602031%2Cn%3A1968253031%2Cn%3A1968256031%2Cp_36%3A4595088031&bbn=1968256031&ie=UTF8&low-price=32703.129999999997&high-price=63906.25,2019-12-05T08:45:09,https://www.amazon.in/Simaaya-Net-Saree-Sf-Vhpv31202_Fuchsia-White/dp/B01NBL7GNE/,3,Net Saree (Sf-Vhpv31202_Fuchsia And Off White)
B0825TFGJ8,https://www.amazon.in/s/260-3287618-1190060?fst=as%3Aoff&rh=n%3A1571271031%2Cn%3A%211571272031%2Cn%3A1953602031%2Cn%3A1968253031%2Cn%3A1968256031%2Cp_36%3A4595088031&bbn=1968256031&ie=UTF8&low-price=32703.129999999997&high-price=63906.25,2019-12-05T08:45:09,https://www.amazon.in/narayan-Womens-Silk-Saree-Abc1122D_Blue/dp/B0825TFGJ8/,4,narayan Women's Silk Saree (Abc1122D_Blue)
B0825TCDB4,https://www.amazon.in/s/260-3287618-1190060?fst=as%3Aoff&rh=n%3A1571271031%2Cn%3A%211571272031%2Cn%3A1953602031%2Cn%3A1968253031%2Cn%3A1968256031%2Cp_36%3A4595088031&bbn=1968256031&ie=UTF8&low-price=32703.129999999997&high-price=63906.25,2019-12-05T08:45:09,https://www.amazon.in/Narayan-fab-Crepe-Blouse-TT-12057SAPWCRE_Ivory_Free/dp/B0825TCDB4/,5,Crepe Saree with Blouse Piece (TT-12057SAPWCRE_Ivory_Free Size)
B08245F2RM,https://www.amazon.in/s/260-3287618-1190060?fst=as%3Aoff&rh=n%3A1571271031%2Cn%3A%211571272031%2Cn%3A1953602031%2Cn%3A1968253031%2Cn%3A1968256031%2Cp_36%3A4595088031&bbn=1968256031&ie=UTF8&low-price=32703.129999999997&high-price=63906.25,2019-12-05T08:45:09,https://www.amazon.in/Estar-Moda-Killer-Black-banarasi/dp/B08245F2RM/,6,Killer Black banarasi silk saree
B081N3T4FW,https://www.amazon.in/s/260-3287618-1190060?fst=as%3Aoff&rh=n%3A1571271031%2Cn%3A%211571272031%2Cn%3A1953602031%2Cn%3A1968253031%2Cn%3A1968256031%2Cp_36%3A4595088031&bbn=1968256031&ie=UTF8&low-price=32703.129999999997&high-price=63906.25,2019-12-05T08:45:10,https://www.amazon.in/Khatri-Banarasi-Kutchi-Bandhani-Sarees/dp/B081N3T4FW/,7,Saree Khatri Upada Banarasi Kutchi Bandhani RED Pure Crepe Sarees
B081N3R3RB,https://www.amazon.in/s/260-3287618-1190060?fst=as%3Aoff&rh=n%3A1571271031%2Cn%3A%211571272031%2Cn%3A1953602031%2Cn%3A1968253031%2Cn%3A1968256031%2Cp_36%3A4595088031&bbn=1968256031&ie=UTF8&low-price=32703.129999999997&high-price=63906.25,2019-12-05T08:45:10,https://www.amazon.in/Khatri-Banarasi-Kutchi-Bandhani-Sarees/dp/B081N3R3RB/,8,Saree Khatri Upada Banarasi Kutchi Bandhani GREEN Pure Crepe Sarees
B081CKDJ9T,https://www.amazon.in/s/260-3287618-1190060?fst=as%3Aoff&rh=n%3A1571271031%2Cn%3A%211571272031%2Cn%3A1953602031%2Cn%3A1968253031%2Cn%3A1968256031%2Cp_36%3A4595088031&bbn=1968256031&ie=UTF8&low-price=32703.129999999997&high-price=63906.25,2019-12-05T08:45:10,https://www.amazon.in/Khatri-Gharchola-Bandhani-Handmade-Marron/dp/B081CKDJ9T/,9,Gaji Silk Gharchola Bandhani Saree Bandhani of kutch Handmade Marron
B081C8LN1J,https://www.amazon.in/s/260-3287618-1190060?fst=as%3Aoff&rh=n%3A1571271031%2Cn%3A%211571272031%2Cn%3A1953602031%2Cn%3A1968253031%2Cn%3A1968256031%2Cp_36%3A4595088031&bbn=1968256031&ie=UTF8&low-price=32703.129999999997&high-price=63906.25,2019-12-05T08:45:10,https://www.amazon.in/Khatri-Gharchola-Bandhani-Saree-Handmade/dp/B081C8LN1J/,10,Gaji Silk Gharchola Bandhani Saree Bandhani Kutch Handmade Blue - Sky
B081C2PD68,https://www.amazon.in/s/260-3287618-1190060?fst=as%3Aoff&rh=n%3A1571271031%2Cn%3A%211571272031%2Cn%3A1953602031%2Cn%3A1968253031%2Cn%3A1968256031%2Cp_36%3A4595088031&bbn=1968256031&ie=UTF8&low-price=32703.129999999997&high-price=63906.25,2019-12-05T08:45:10,https://www.amazon.in/Khatri-Gharchola-Bandhani-Saree-Handmade/dp/B081C2PD68/,11,Gaji Silk Gharchola Bandhani Saree Bandhani Kutch Handmade RED - GREEN
B07XTL9JBQ,https://www.amazon.in/s/260-3287618-1190060?fst=as%3Aoff&rh=n%3A1571271031%2Cn%3A%211571272031%2Cn%3A1953602031%2Cn%3A1968253031%2Cn%3A1968256031%2Cp_36%3A4595088031&bbn=1968256031&ie=UTF8&low-price=32703.129999999997&high-price=63906.25,2019-12-05T08:45:10,https://www.amazon.in/Satya-Paul-Banarasi-Embroidered-8907544954528_Pink/dp/B07XTL9JBQ/,12,Banarasi Embroidered Saree (8907544954528_Pink Pearl)
B07XTKHGW6,https://www.amazon.in/s/260-3287618-1190060?fst=as%3Aoff&rh=n%3A1571271031%2Cn%3A%211571272031%2Cn%3A1953602031%2Cn%3A1968253031%2Cn%3A1968256031%2Cp_36%3A4595088031&bbn=1968256031&ie=UTF8&low-price=32703.129999999997&high-price=63906.25,2019-12-05T08:45:10,https://www.amazon.in/Satya-Paul-Banarasi-Embroidered-8907544957352_Blue/dp/B07XTKHGW6/,13,Banarasi Embroidered Saree (8907544957352_Blue Cobalt)
B07XTK965Z,https://www.amazon.in/s/260-3287618-1190060?fst=as%3Aoff&rh=n%3A1571271031%2Cn%3A%211571272031%2Cn%3A1953602031%2Cn%3A1968253031%2Cn%3A1968256031%2Cp_36%3A4595088031&bbn=1968256031&ie=UTF8&low-price=32703.129999999997&high-price=63906.25,2019-12-05T08:45:10,https://www.amazon.in/Satya-Paul-Georgette-Embroidered-8907544957369_Blue/dp/B07XTK965Z/,14,Georgette Embroidered Saree (8907544957369_Blue Light)
B07XTJMX5G,https://www.amazon.in/s/260-3287618-1190060?fst=as%3Aoff&rh=n%3A1571271031%2Cn%3A%211571272031%2Cn%3A1953602031%2Cn%3A1968253031%2Cn%3A1968256031%2Cp_36%3A4595088031&bbn=1968256031&ie=UTF8&low-price=32703.129999999997&high-price=63906.25,2019-12-05T08:45:10,https://www.amazon.in/Satya-Paul-Banarasi-Embroidered-8907544951459_Cream/dp/B07XTJMX5G/,15,Banarasi Embroidered Saree (8907544951459_Cream)
B07XTJGPXC,https://www.amazon.in/s/260-3287618-1190060?fst=as%3Aoff&rh=n%3A1571271031%2Cn%3A%211571272031%2Cn%3A1953602031%2Cn%3A1968253031%2Cn%3A1968256031%2Cp_36%3A4595088031&bbn=1968256031&ie=UTF8&low-price=32703.129999999997&high-price=63906.25,2019-12-05T08:45:10,https://www.amazon.in/Satya-Paul-Velvet-Embroidered-8907544957321_Wine/dp/B07XTJGPXC/,16,Velvet Embroidered Saree (8907544957321_Wine Plum)
B07XTJ7KZD,https://www.amazon.in/s/260-3287618-1190060?fst=as%3Aoff&rh=n%3A1571271031%2Cn%3A%211571272031%2Cn%3A1953602031%2Cn%3A1968253031%2Cn%3A1968256031%2Cp_36%3A4595088031&bbn=1968256031&ie=UTF8&low-price=32703.129999999997&high-price=63906.25,2019-12-05T08:45:10,https://www.amazon.in/Satya-Paul-Banarasi-Embroidered-8907544957390_Cream/dp/B07XTJ7KZD/,17,Banarasi Embroidered Saree (8907544957390_Cream)
B07XTHVBN9,https://www.amazon.in/s/260-3287618-1190060?fst=as%3Aoff&rh=n%3A1571271031%2Cn%3A%211571272031%2Cn%3A1953602031%2Cn%3A1968253031%2Cn%3A1968256031%2Cp_36%3A4595088031&bbn=1968256031&ie=UTF8&low-price=32703.129999999997&high-price=63906.25,2019-12-05T08:45:10,https://www.amazon.in/Satya-Paul-Georgette-Embroidered-8907544957468_Wine/dp/B07XTHVBN9/,18,Georgette Embroidered Saree (8907544957468_Wine)
B07XTHVB2B,https://www.amazon.in/s/260-3287618-1190060?fst=as%3Aoff&rh=n%3A1571271031%2Cn%3A%211571272031%2Cn%3A1953602031%2Cn%3A1968253031%2Cn%3A1968256031%2Cp_36%3A4595088031&bbn=1968256031&ie=UTF8&low-price=32703.129999999997&high-price=63906.25,2019-12-05T08:45:10,https://www.amazon.in/Satya-Paul-Georgette-Embroidered-8907544961090_Pink/dp/B07XTHVB2B/,19,Georgette Embroidered Saree (8907544961090_Pink Soft)
B07XTH6PXJ,https://www.amazon.in/s/260-3287618-1190060?fst=as%3Aoff&rh=n%3A1571271031%2Cn%3A%211571272031%2Cn%3A1953602031%2Cn%3A1968253031%2Cn%3A1968256031%2Cp_36%3A4595088031&bbn=1968256031&ie=UTF8&low-price=32703.129999999997&high-price=63906.25,2019-12-05T08:45:10,https://www.amazon.in/Satya-Paul-Georgette-Embroidered-8907544961113_Blue/dp/B07XTH6PXJ/,20,Georgette Embroidered Saree (8907544961113_Blue)
B07XTG84W4,https://www.amazon.in/s/260-3287618-1190060?fst=as%3Aoff&rh=n%3A1571271031%2Cn%3A%211571272031%2Cn%3A1953602031%2Cn%3A1968253031%2Cn%3A1968256031%2Cp_36%3A4595088031&bbn=1968256031&ie=UTF8&low-price=32703.129999999997&high-price=63906.25,2019-12-05T08:45:10,https://www.amazon.in/Satya-Paul-Georgette-Embroidered-8907544953255_Black/dp/B07XTG84W4/,21,Georgette Embroidered Saree (8907544953255_Black)
B07XLMV79W,https://www.amazon.in/s/260-3287618-1190060?fst=as%3Aoff&rh=n%3A1571271031%2Cn%3A%211571272031%2Cn%3A1953602031%2Cn%3A1968253031%2Cn%3A1968256031%2Cp_36%3A4595088031&bbn=1968256031&ie=UTF8&low-price=32703.129999999997&high-price=63906.25,2019-12-05T08:45:10,https://www.amazon.in/Satya-Paul-Velvet-Embroidered-8907544957338_Black/dp/B07XLMV79W/,22,Velvet Embroidered Saree (8907544957338_Black)
B07XLMTF6L,https://www.amazon.in/s/260-3287618-1190060?fst=as%3Aoff&rh=n%3A1571271031%2Cn%3A%211571272031%2Cn%3A1953602031%2Cn%3A1968253031%2Cn%3A1968256031%2Cp_36%3A4595088031&bbn=1968256031&ie=UTF8&low-price=32703.129999999997&high-price=63906.25,2019-12-05T08:45:10,https://www.amazon.in/Satya-Paul-Satin-Embroidered-8907544953231_Beige/dp/B07XLMTF6L/,23,Satin Embroidered Saree (8907544953231_Beige Soft)
B07WYZH5X5,https://www.amazon.in/s/260-3287618-1190060?fst=as%3Aoff&rh=n%3A1571271031%2Cn%3A%211571272031%2Cn%3A1953602031%2Cn%3A1968253031%2Cn%3A1968256031%2Cp_36%3A4595088031&bbn=1968256031&ie=UTF8&low-price=32703.129999999997&high-price=63906.25,2019-12-05T08:45:10,https://www.amazon.in/NNOVATIVE-PINK-COLORED-SOFT-SAREE/dp/B07WYZH5X5/,24,PINK COLORED SOFT SILK SAREE -
B07WRP9F8F,https://www.amazon.in/s/260-3287618-1190060?fst=as%3Aoff&rh=n%3A1571271031%2Cn%3A%211571272031%2Cn%3A1953602031%2Cn%3A1968253031%2Cn%3A1968256031%2Cp_36%3A4595088031&bbn=1968256031&ie=UTF8&low-price=32703.129999999997&high-price=63906.25,2019-12-05T08:45:10,https://www.amazon.in/Embroidered-Fashion-Velvet-Saree-White/dp/B07WRP9F8F/,25,"Embroidered Fashion Velvet Saree (Blue, White)"
B07V25RZ9B,https://www.amazon.in/s/260-3287618-1190060?fst=as%3Aoff&rh=n%3A1571271031%2Cn%3A%211571272031%2Cn%3A1953602031%2Cn%3A1968253031%2Cn%3A1968256031%2Cp_36%3A4595088031&bbn=1968256031&ie=UTF8&low-price=32703.129999999997&high-price=63906.25,2019-12-05T08:45:10,https://www.amazon.in/KANHA-Banarasi-Blouse-unique-pattern/dp/B07V25RZ9B/,26,Women Banarasi Pure silk Saree With Blouse Piece unique pattern
B07V25QWMW,https://www.amazon.in/s/260-3287618-1190060?fst=as%3Aoff&rh=n%3A1571271031%2Cn%3A%211571272031%2Cn%3A1953602031%2Cn%3A1968253031%2Cn%3A1968256031%2Cp_36%3A4595088031&bbn=1968256031&ie=UTF8&low-price=32703.129999999997&high-price=63906.25,2019-12-05T08:45:10,https://www.amazon.in/KANHA-Banarasi-Blouse-unique-pattern/dp/B07V25QWMW/,27,Women Banarasi sky blue Pure silk Saree With Blouse Piece unique pattern
B07V1PPXY6,https://www.amazon.in/s/260-3287618-1190060?fst=as%3Aoff&rh=n%3A1571271031%2Cn%3A%211571272031%2Cn%3A1953602031%2Cn%3A1968253031%2Cn%3A1968256031%2Cp_36%3A4595088031&bbn=1968256031&ie=UTF8&low-price=32703.129999999997&high-price=63906.25,2019-12-05T08:45:10,https://www.amazon.in/KANHA-Banarasi-orange-Blouse-pattern/dp/B07V1PPXY6/,28,Women Banarasi orange Pure silk Saree With Blouse Piece unique pattern
B07TYZB6XQ,https://www.amazon.in/s/260-3287618-1190060?fst=as%3Aoff&rh=n%3A1571271031%2Cn%3A%211571272031%2Cn%3A1953602031%2Cn%3A1968253031%2Cn%3A1968256031%2Cp_36%3A4595088031&bbn=1968256031&ie=UTF8&low-price=32703.129999999997&high-price=63906.25,2019-12-05T08:45:10,https://www.amazon.in/Traditional-Fashion-Khaddi-Silk-Saree/dp/B07TYZB6XQ/,29,Traditional Fashion Khaddi Silk Saree
B07T7JTQ24,https://www.amazon.in/s/260-3287618-1190060?fst=as%3Aoff&rh=n%3A1571271031%2Cn%3A%211571272031%2Cn%3A1953602031%2Cn%3A1968253031%2Cn%3A1968256031%2Cp_36%3A4595088031&bbn=1968256031&ie=UTF8&low-price=32703.129999999997&high-price=63906.25,2019-12-05T08:45:10,https://www.amazon.in/Hari-Villa-Creation-Womens-Banarasi/dp/B07T7JTQ24/,30,"Women's Pure Silk Banarasi Saree with Blouse Piece, EM1004"
B07T7JDB1Y,https://www.amazon.in/s/260-3287618-1190060?fst=as%3Aoff&rh=n%3A1571271031%2Cn%3A%211571272031%2Cn%3A1953602031%2Cn%3A1968253031%2Cn%3A1968256031%2Cp_36%3A4595088031&bbn=1968256031&ie=UTF8&low-price=32703.129999999997&high-price=63906.25,2019-12-05T08:45:10,https://www.amazon.in/Hari-Villa-Creation-Womens-Banarasi/dp/B07T7JDB1Y/,31,"Women's Pure Silk Banarasi Saree with Blouse Piece (EM1006, Yellow)"
B07T7J1DGS,https://www.amazon.in/s/260-3287618-1190060?fst=as%3Aoff&rh=n%3A1571271031%2Cn%3A%211571272031%2Cn%3A1953602031%2Cn%3A1968253031%2Cn%3A1968256031%2Cp_36%3A4595088031&bbn=1968256031&ie=UTF8&low-price=32703.129999999997&high-price=63906.25,2019-12-05T08:45:10,https://www.amazon.in/Hari-Villa-Creation-Womens-Banarasi/dp/B07T7J1DGS/,32,"Women's Pure Silk Banarasi Saree with Blouse Piece (EM1003, Green)"
B07T7HSVNJ,https://www.amazon.in/s/260-3287618-1190060?fst=as%3Aoff&rh=n%3A1571271031%2Cn%3A%211571272031%2Cn%3A1953602031%2Cn%3A1968253031%2Cn%3A1968256031%2Cp_36%3A4595088031&bbn=1968256031&ie=UTF8&low-price=32703.129999999997&high-price=63906.25,2019-12-05T08:45:10,https://www.amazon.in/Hari-Villa-Creation-Womens-Banarasi/dp/B07T7HSVNJ/,33,"Women's Pure Silk Banarasi Saree with Blouse Piece (EM1002, Navy Blue)"
B07T7HG4Q9,https://www.amazon.in/s/260-3287618-1190060?fst=as%3Aoff&rh=n%3A1571271031%2Cn%3A%211571272031%2Cn%3A1953602031%2Cn%3A1968253031%2Cn%3A1968256031%2Cp_36%3A4595088031&bbn=1968256031&ie=UTF8&low-price=32703.129999999997&high-price=63906.25,2019-12-05T08:45:10,https://www.amazon.in/Hari-Villa-Creation-Womens-Banarasi/dp/B07T7HG4Q9/,34,Women's Pure Silk Banarasi Saree with Blouse Piece
B07T56PYWT,https://www.amazon.in/s/260-3287618-1190060?fst=as%3Aoff&rh=n%3A1571271031%2Cn%3A%211571272031%2Cn%3A1953602031%2Cn%3A1968253031%2Cn%3A1968256031%2Cp_36%3A4595088031&bbn=1968256031&ie=UTF8&low-price=32703.129999999997&high-price=63906.25,2019-12-05T08:45:10,https://www.amazon.in/Hari-Villa-Creation-Womens-Banarasi/dp/B07T56PYWT/,35,Women's Pure Silk Banarasi Saree with Blouse Piece
B07SK1ZRJV,https://www.amazon.in/s/260-3287618-1190060?fst=as%3Aoff&rh=n%3A1571271031%2Cn%3A%211571272031%2Cn%3A1953602031%2Cn%3A1968253031%2Cn%3A1968256031%2Cp_36%3A4595088031&bbn=1968256031&ie=UTF8&low-price=32703.129999999997&high-price=63906.25,2019-12-05T08:45:10,https://www.amazon.in/Satya-Paul-Blouse-ESW13443_01_A_Sky-Blue_6m/dp/B07SK1ZRJV/,36,Silk Saree with Blouse Piece (ESW13443_01_A_Sky Blue_6m 50cm)
B07SK1ZBHC,https://www.amazon.in/s/260-3287618-1190060?fst=as%3Aoff&rh=n%3A1571271031%2Cn%3A%211571272031%2Cn%3A1953602031%2Cn%3A1968253031%2Cn%3A1968256031%2Cp_36%3A4595088031&bbn=1968256031&ie=UTF8&low-price=32703.129999999997&high-price=63906.25,2019-12-05T08:45:10,https://www.amazon.in/Satya-Paul-Blouse-ESW13448_01_B_Brown-Caramel_6m/dp/B07SK1ZBHC/,37,Silk Saree with Blouse Piece (ESW13448_01_B_Brown Caramel_6m 50cm)
B07RCG71PD,https://www.amazon.in/s/260-3287618-1190060?fst=as%3Aoff&rh=n%3A1571271031%2Cn%3A%211571272031%2Cn%3A1953602031%2Cn%3A1968253031%2Cn%3A1968256031%2Cp_36%3A4595088031&bbn=1968256031&ie=UTF8&low-price=32703.129999999997&high-price=63906.25,2019-12-05T08:45:10,https://www.amazon.in/Satya-Paul-Blouse-ESW1337100_Light-Grey_6m/dp/B07RCG71PD/,38,Women's Net with Blouse Piece Saree
B07RCG6BHL,https://www.amazon.in/s/260-3287618-1190060?fst=as%3Aoff&rh=n%3A1571271031%2Cn%3A%211571272031%2Cn%3A1953602031%2Cn%3A1968253031%2Cn%3A1968256031%2Cp_36%3A4595088031&bbn=1968256031&ie=UTF8&low-price=32703.129999999997&high-price=63906.25,2019-12-05T08:45:10,https://www.amazon.in/Satya-Paul-blouse-ESW1348501_-Coral_/dp/B07RCG6BHL/,39,Women's Silk with Blouse Piece Saree
B07RBFVBDJ,https://www.amazon.in/s/260-3287618-1190060?fst=as%3Aoff&rh=n%3A1571271031%2Cn%3A%211571272031%2Cn%3A1953602031%2Cn%3A1968253031%2Cn%3A1968256031%2Cp_36%3A4595088031&bbn=1968256031&ie=UTF8&low-price=32703.129999999997&high-price=63906.25,2019-12-05T08:45:10,https://www.amazon.in/Satya-Paul-Blouse-ESW1337101_Aqua-Green_6m/dp/B07RBFVBDJ/,40,Women's Net with Blouse Piece Saree
B07R98N94Z,https://www.amazon.in/s/260-3287618-1190060?fst=as%3Aoff&rh=n%3A1571271031%2Cn%3A%211571272031%2Cn%3A1953602031%2Cn%3A1968253031%2Cn%3A1968256031%2Cp_36%3A4595088031&bbn=1968256031&ie=UTF8&low-price=32703.129999999997&high-price=63906.25,2019-12-05T08:45:10,https://www.amazon.in/Satya-Paul-Georgette-ESW1337803_Light-Olive_6m/dp/B07R98N94Z/,41,Women's Georgette with Blouse Piece Saree
B07NY97FJY,https://www.amazon.in/s/260-3287618-1190060?fst=as%3Aoff&rh=n%3A1571271031%2Cn%3A%211571272031%2Cn%3A1953602031%2Cn%3A1968253031%2Cn%3A1968256031%2Cp_36%3A4595088031&bbn=1968256031&ie=UTF8&low-price=32703.129999999997&high-price=63906.25,2019-12-05T08:45:10,https://www.amazon.in/Indrayani-Maharastra-Enterprise-Handloom-Mulberry/dp/B07NY97FJY/,42,Indrayani (A Maharastra Govt. Enterprise) Handloom Mulberry Silk Saree (Black)
B07N84HT72,https://www.amazon.in/s/260-3287618-1190060?fst=as%3Aoff&rh=n%3A1571271031%2Cn%3A%211571272031%2Cn%3A1953602031%2Cn%3A1968253031%2Cn%3A1968256031%2Cp_36%3A4595088031&bbn=1968256031&ie=UTF8&low-price=32703.129999999997&high-price=63906.25,2019-12-05T08:45:10,https://www.amazon.in/Trendz-Womens-Cotton-Blouse-Material/dp/B07N84HT72/,43,MAni Trendz Women's Cotton Silk Solid Saree with Blouse Piece Material
B07N43CLLB,https://www.amazon.in/s/260-3287618-1190060?fst=as%3Aoff&rh=n%3A1571271031%2Cn%3A%211571272031%2Cn%3A1953602031%2Cn%3A1968253031%2Cn%3A1968256031%2Cp_36%3A4595088031&bbn=1968256031&ie=UTF8&low-price=32703.129999999997&high-price=63906.25,2019-12-05T08:45:10,https://www.amazon.in/Exotic-India-Fuchsia-Rose-Zari-Woven-Baluchari/dp/B07N43CLLB/,44,Silk with Blouse Piece Saree (SDO10_Pink_Free Size)
B07N1SLT17,https://www.amazon.in/s/260-3287618-1190060?fst=as%3Aoff&rh=n%3A1571271031%2Cn%3A%211571272031%2Cn%3A1953602031%2Cn%3A1968253031%2Cn%3A1968256031%2Cp_36%3A4595088031&bbn=1968256031&ie=UTF8&low-price=32703.129999999997&high-price=63906.25,2019-12-05T08:45:10,https://www.amazon.in/PAGE-Womens-Pure-Saree-Off-White/dp/B07N1SLT17/,45,PAGE 3 Women's Pure Silk Saree (Off-White)
B07N1SJYGJ,https://www.amazon.in/s/260-3287618-1190060?fst=as%3Aoff&rh=n%3A1571271031%2Cn%3A%211571272031%2Cn%3A1953602031%2Cn%3A1968253031%2Cn%3A1968256031%2Cp_36%3A4595088031&bbn=1968256031&ie=UTF8&low-price=32703.129999999997&high-price=63906.25,2019-12-05T08:45:10,https://www.amazon.in/PAGE-Womens-Pure-Saree-Off-White/dp/B07N1SJYGJ/,46,PAGE 3 Women's Pure Silk Saree (Off-White)
B07LH22KCT,https://www.amazon.in/s/260-3287618-1190060?fst=as%3Aoff&rh=n%3A1571271031%2Cn%3A%211571272031%2Cn%3A1953602031%2Cn%3A1968253031%2Cn%3A1968256031%2Cp_36%3A4595088031&bbn=1968256031&ie=UTF8&low-price=32703.129999999997&high-price=63906.25,2019-12-05T08:45:10,https://www.amazon.in/Gowri-Silks-Madurai-Cotton-Handloom/dp/B07LH22KCT/,47,Madurai Pure Silk Cotton Handloom Women's Cotton Saree (Red)
B07L6BR95N,https://www.amazon.in/s/260-3287618-1190060?fst=as%3Aoff&rh=n%3A1571271031%2Cn%3A%211571272031%2Cn%3A1953602031%2Cn%3A1968253031%2Cn%3A1968256031%2Cp_36%3A4595088031&bbn=1968256031&ie=UTF8&low-price=32703.129999999997&high-price=63906.25,2019-12-05T08:45:10,https://www.amazon.in/Muga-Eri-Silpa-Womens-Multi-Coloured/dp/B07L6BR95N/,48,Women's Muga Pure Silk Saree (Multi-Coloured)
B07W4XCY35,https://www.amazon.in/s/260-4860518-0891746?fst=as%3Aoff&rh=n%3A1571271031%2Cn%3A%211571272031%2Cn%3A1953602031%2Cn%3A1968253031%2Cn%3A1968255031%2Cp_36%3A4595088031&bbn=1968255031&ie=UTF8&low-price=32703.129999999997&high-price=63906.25,2019-12-05T08:45:11,https://www.amazon.in/Raoshmi-Kapur-Designs-Kurta-Handwork/dp/B07W4XCY35/,1,Wine Kurta with Handwork Split pants
B07BD2N6JN,https://www.amazon.in/s/260-4860518-0891746?fst=as%3Aoff&rh=n%3A1571271031%2Cn%3A%211571272031%2Cn%3A1953602031%2Cn%3A1968253031%2Cn%3A1968255031%2Cp_36%3A4595088031&bbn=1968255031&ie=UTF8&low-price=32703.129999999997&high-price=63906.25,2019-12-05T08:45:11,https://www.amazon.in/ShatriyaeS-Tree-of-Love-Suit/dp/B07BD2N6JN/,2,"Women's Georgette Tree of Love Suit (Jamuni and Emerald Green, 36)"
B079Q57D2P,https://www.amazon.in/s/260-4860518-0891746?fst=as%3Aoff&rh=n%3A1571271031%2Cn%3A%211571272031%2Cn%3A1953602031%2Cn%3A1968253031%2Cn%3A1968255031%2Cp_36%3A4595088031&bbn=1968255031&ie=UTF8&low-price=32703.129999999997&high-price=63906.25,2019-12-05T08:45:11,https://www.amazon.in/preety-singh-Womens-Georgette-PD1_PD7/dp/B079Q57D2P/,3,Women's Georgette Floor Length Dress(Pack of 2)
B074M5Y4B7,https://www.amazon.in/s/260-4860518-0891746?fst=as%3Aoff&rh=n%3A1571271031%2Cn%3A%211571272031%2Cn%3A1953602031%2Cn%3A1968253031%2Cn%3A1968255031%2Cp_36%3A4595088031&bbn=1968255031&ie=UTF8&low-price=32703.129999999997&high-price=63906.25,2019-12-05T08:45:11,https://www.amazon.in/Priyanka-Singh-White-Embroidered-Kurta/dp/B074M5Y4B7/,4,Women's Cotton Anarkali Salwar Suit Set
B07K82VNWZ,https://www.amazon.in/s/260-3287618-1190060?fst=as%3Aoff&rh=n%3A1571271031%2Cn%3A%211571272031%2Cn%3A1953602031%2Cn%3A1968253031%2Cn%3A1968256031%2Cp_36%3A4595088031&bbn=1968256031&ie=UTF8&low-price=32703.129999999997&high-price=63906.25,2019-12-05T08:45:14,https://www.amazon.in/Satya-Paul-Saree-Blouse-ESW1207605_Black_Free/dp/B07K82VNWZ/,49,Net Saree with Blouse Piece
B07K81418W,https://www.amazon.in/s/260-3287618-1190060?fst=as%3Aoff&rh=n%3A1571271031%2Cn%3A%211571272031%2Cn%3A1953602031%2Cn%3A1968253031%2Cn%3A1968256031%2Cp_36%3A4595088031&bbn=1968256031&ie=UTF8&low-price=32703.129999999997&high-price=63906.25,2019-12-05T08:45:14,https://www.amazon.in/Satya-Paul-Georgette-ESW1187701_Dark-Pink_Free/dp/B07K81418W/,50,Georgette Saree with Blouse Piece
B07K7RDBFP,https://www.amazon.in/s/260-3287618-1190060?fst=as%3Aoff&rh=n%3A1571271031%2Cn%3A%211571272031%2Cn%3A1953602031%2Cn%3A1968253031%2Cn%3A1968256031%2Cp_36%3A4595088031&bbn=1968256031&ie=UTF8&low-price=32703.129999999997&high-price=63906.25,2019-12-05T08:45:14,https://www.amazon.in/Satya-Paul-Saree-Blouse-ESW1207506_Rani_Free/dp/B07K7RDBFP/,51,Silk Saree with Blouse Piece
B07K7NDG9Z,https://www.amazon.in/s/260-3287618-1190060?fst=as%3Aoff&rh=n%3A1571271031%2Cn%3A%211571272031%2Cn%3A1953602031%2Cn%3A1968253031%2Cn%3A1968256031%2Cp_36%3A4595088031&bbn=1968256031&ie=UTF8&low-price=32703.129999999997&high-price=63906.25,2019-12-05T08:45:14,https://www.amazon.in/Satya-Paul-Saree-Blouse-ESW1207500_Black_Free/dp/B07K7NDG9Z/,52,Silk Saree with Blouse Piece
B07K7N96YX,https://www.amazon.in/s/260-3287618-1190060?fst=as%3Aoff&rh=n%3A1571271031%2Cn%3A%211571272031%2Cn%3A1953602031%2Cn%3A1968253031%2Cn%3A1968256031%2Cp_36%3A4595088031&bbn=1968256031&ie=UTF8&low-price=32703.129999999997&high-price=63906.25,2019-12-05T08:45:14,https://www.amazon.in/Satya-Paul-Georgette-ESW1217800_Light-Pink_Free/dp/B07K7N96YX/,53,Georgette Saree with Blouse Piece
B07K7M1D4R,https://www.amazon.in/s/260-3287618-1190060?fst=as%3Aoff&rh=n%3A1571271031%2Cn%3A%211571272031%2Cn%3A1953602031%2Cn%3A1968253031%2Cn%3A1968256031%2Cp_36%3A4595088031&bbn=1968256031&ie=UTF8&low-price=32703.129999999997&high-price=63906.25,2019-12-05T08:45:14,https://www.amazon.in/Satya-Paul-Blouse-ESW1217400_Indigo-Blue_Free/dp/B07K7M1D4R/,54,Net Saree with Blouse Piece
B07K7LMCYK,https://www.amazon.in/s/260-3287618-1190060?fst=as%3Aoff&rh=n%3A1571271031%2Cn%3A%211571272031%2Cn%3A1953602031%2Cn%3A1968253031%2Cn%3A1968256031%2Cp_36%3A4595088031&bbn=1968256031&ie=UTF8&low-price=32703.129999999997&high-price=63906.25,2019-12-05T08:45:14,https://www.amazon.in/Satya-Paul-Blouse-ESW1202506_Dark-Blue_Free/dp/B07K7LMCYK/,55,Silk Saree with Blouse Piece
B07K7LJ1WD,https://www.amazon.in/s/260-3287618-1190060?fst=as%3Aoff&rh=n%3A1571271031%2Cn%3A%211571272031%2Cn%3A1953602031%2Cn%3A1968253031%2Cn%3A1968256031%2Cp_36%3A4595088031&bbn=1968256031&ie=UTF8&low-price=32703.129999999997&high-price=63906.25,2019-12-05T08:45:14,https://www.amazon.in/Satya-Paul-Blouse-ESW1207600_Light-Pink_Free/dp/B07K7LJ1WD/,56,Net Saree with Blouse Piece
B07K7JNHLN,https://www.amazon.in/s/260-3287618-1190060?fst=as%3Aoff&rh=n%3A1571271031%2Cn%3A%211571272031%2Cn%3A1953602031%2Cn%3A1968253031%2Cn%3A1968256031%2Cp_36%3A4595088031&bbn=1968256031&ie=UTF8&low-price=32703.129999999997&high-price=63906.25,2019-12-05T08:45:14,https://www.amazon.in/Satya-Paul-Saree-Blouse-ESW1204200_Purple_Free/dp/B07K7JNHLN/,57,Silk Saree with Blouse Piece
B07J5RC1MW,https://www.amazon.in/s/260-3287618-1190060?fst=as%3Aoff&rh=n%3A1571271031%2Cn%3A%211571272031%2Cn%3A1953602031%2Cn%3A1968253031%2Cn%3A1968256031%2Cp_36%3A4595088031&bbn=1968256031&ie=UTF8&low-price=32703.129999999997&high-price=63906.25,2019-12-05T08:45:14,https://www.amazon.in/Zarf-Lifestyle-Women-Saree-Beige_Blouse/dp/B07J5RC1MW/,58,Women Net Saree (Beige_Blouse 1 Mtr)
B07HGDJQDL,https://www.amazon.in/s/260-3287618-1190060?fst=as%3Aoff&rh=n%3A1571271031%2Cn%3A%211571272031%2Cn%3A1953602031%2Cn%3A1968253031%2Cn%3A1968256031%2Cp_36%3A4595088031&bbn=1968256031&ie=UTF8&low-price=32703.129999999997&high-price=63906.25,2019-12-05T08:45:14,https://www.amazon.in/Exotic-India-Dazzling-Blue-Brocaded-Banaras/dp/B07HGDJQDL/,59,Silk with Blouse Piece Saree (SDM93_Multicoloured_FS)
B07H8GYLLT,https://www.amazon.in/s/260-3287618-1190060?fst=as%3Aoff&rh=n%3A1571271031%2Cn%3A%211571272031%2Cn%3A1953602031%2Cn%3A1968253031%2Cn%3A1968256031%2Cp_36%3A4595088031&bbn=1968256031&ie=UTF8&low-price=32703.129999999997&high-price=63906.25,2019-12-05T08:45:14,https://www.amazon.in/Satya-Paul-Georgette-CW9465_Indigo-Blue_Free/dp/B07H8GYLLT/,60,Art Silk Saree with Blouse Piece
B07G9N46T2,https://www.amazon.in/s/260-3287618-1190060?fst=as%3Aoff&rh=n%3A1571271031%2Cn%3A%211571272031%2Cn%3A1953602031%2Cn%3A1968253031%2Cn%3A1968256031%2Cp_36%3A4595088031&bbn=1968256031&ie=UTF8&low-price=32703.129999999997&high-price=63906.25,2019-12-05T08:45:14,https://www.amazon.in/Generic-Yeola-Paithani-Saree-Women/dp/B07G9N46T2/,61,Women's Blended Yeola Paithani Saree (Sky Blue)
B07G6VG6H2,https://www.amazon.in/s/260-3287618-1190060?fst=as%3Aoff&rh=n%3A1571271031%2Cn%3A%211571272031%2Cn%3A1953602031%2Cn%3A1968253031%2Cn%3A1968256031%2Cp_36%3A4595088031&bbn=1968256031&ie=UTF8&low-price=32703.129999999997&high-price=63906.25,2019-12-05T08:45:14,https://www.amazon.in/Mayuri-Silk-Palace-Womens-MS-133/dp/B07G6VG6H2/,62,"Women's Silk Saree (MS-133,Beige And Orange,Free Size)"
B07DPQNX57,https://www.amazon.in/s/260-3287618-1190060?fst=as%3Aoff&rh=n%3A1571271031%2Cn%3A%211571272031%2Cn%3A1953602031%2Cn%3A1968253031%2Cn%3A1968256031%2Cp_36%3A4595088031&bbn=1968256031&ie=UTF8&low-price=32703.129999999997&high-price=63906.25,2019-12-05T08:45:14,https://www.amazon.in/splendour-scintillatingly-intertwined-border-Banarasi/dp/B07DPQNX57/,63,Women's Silk Zari Border and Pallu Saree (Baby Pink)
B07D3Q1XVG,https://www.amazon.in/s/260-3287618-1190060?fst=as%3Aoff&rh=n%3A1571271031%2Cn%3A%211571272031%2Cn%3A1953602031%2Cn%3A1968253031%2Cn%3A1968256031%2Cp_36%3A4595088031&bbn=1968256031&ie=UTF8&low-price=32703.129999999997&high-price=63906.25,2019-12-05T08:45:14,https://www.amazon.in/Satya-Paul-Banarasi-Sarees-ESW1056601_Orange/dp/B07D3Q1XVG/,64,Banarasi Sarees
B07CP6YD3S,https://www.amazon.in/s/260-3287618-1190060?fst=as%3Aoff&rh=n%3A1571271031%2Cn%3A%211571272031%2Cn%3A1953602031%2Cn%3A1968253031%2Cn%3A1968256031%2Cp_36%3A4595088031&bbn=1968256031&ie=UTF8&low-price=32703.129999999997&high-price=63906.25,2019-12-05T08:45:14,https://www.amazon.in/Santoshini-Saree-Handloom-Womens-Multi-Coloured/dp/B07CP6YD3S/,65,Ikat Handloom Women's Tussar Silk Saree (Multi-Coloured)
B07CP5D8WS,https://www.amazon.in/s/260-3287618-1190060?fst=as%3Aoff&rh=n%3A1571271031%2Cn%3A%211571272031%2Cn%3A1953602031%2Cn%3A1968253031%2Cn%3A1968256031%2Cp_36%3A4595088031&bbn=1968256031&ie=UTF8&low-price=32703.129999999997&high-price=63906.25,2019-12-05T08:45:14,https://www.amazon.in/Santoshini-Saree-Handloom-Womens-Multi-Coloured/dp/B07CP5D8WS/,66,Ikat Handloom Women's Tussar Silk Saree (Multi-Coloured)
B07CNY29TV,https://www.amazon.in/s/260-3287618-1190060?fst=as%3Aoff&rh=n%3A1571271031%2Cn%3A%211571272031%2Cn%3A1953602031%2Cn%3A1968253031%2Cn%3A1968256031%2Cp_36%3A4595088031&bbn=1968256031&ie=UTF8&low-price=32703.129999999997&high-price=63906.25,2019-12-05T08:45:14,https://www.amazon.in/Santoshini-Saree-Handloom-Womens-Multi-Coloured/dp/B07CNY29TV/,67,Ikat Handloom Women's Tussar Silk Saree (Multi-Coloured)
B07CNSH4VM,https://www.amazon.in/s/260-3287618-1190060?fst=as%3Aoff&rh=n%3A1571271031%2Cn%3A%211571272031%2Cn%3A1953602031%2Cn%3A1968253031%2Cn%3A1968256031%2Cp_36%3A4595088031&bbn=1968256031&ie=UTF8&low-price=32703.129999999997&high-price=63906.25,2019-12-05T08:45:14,https://www.amazon.in/Santoshini-Saree-Handloom-Womens-Multi-Coloured/dp/B07CNSH4VM/,68,Ikat Handloom Women's Tussar Silk Saree (Multi-Coloured)
B07C7B5V2T,https://www.amazon.in/s/260-3287618-1190060?fst=as%3Aoff&rh=n%3A1571271031%2Cn%3A%211571272031%2Cn%3A1953602031%2Cn%3A1968253031%2Cn%3A1968256031%2Cp_36%3A4595088031&bbn=1968256031&ie=UTF8&low-price=32703.129999999997&high-price=63906.25,2019-12-05T08:45:14,https://www.amazon.in/Mayuri-Silk-Palace-Assam-Saree/dp/B07C7B5V2T/,69,Assam Silk Pure Muga Saree
B0781NSVKS,https://www.amazon.in/s/260-3287618-1190060?fst=as%3Aoff&rh=n%3A1571271031%2Cn%3A%211571272031%2Cn%3A1953602031%2Cn%3A1968253031%2Cn%3A1968256031%2Cp_36%3A4595088031&bbn=1968256031&ie=UTF8&low-price=32703.129999999997&high-price=63906.25,2019-12-05T08:45:14,https://www.amazon.in/Maithilis-COM-Womens-Silk-Saree-Green_Free/dp/B0781NSVKS/,70,Women's Silk Saree (Green_Free Size)
B0781NGY1P,https://www.amazon.in/s/260-3287618-1190060?fst=as%3Aoff&rh=n%3A1571271031%2Cn%3A%211571272031%2Cn%3A1953602031%2Cn%3A1968253031%2Cn%3A1968256031%2Cp_36%3A4595088031&bbn=1968256031&ie=UTF8&low-price=32703.129999999997&high-price=63906.25,2019-12-05T08:45:14,https://www.amazon.in/Maithilis-COM-Womens-Silk-Saree-White_Free/dp/B0781NGY1P/,71,Women's Silk Saree (White_Free Size)
B0781N5MMX,https://www.amazon.in/s/260-3287618-1190060?fst=as%3Aoff&rh=n%3A1571271031%2Cn%3A%211571272031%2Cn%3A1953602031%2Cn%3A1968253031%2Cn%3A1968256031%2Cp_36%3A4595088031&bbn=1968256031&ie=UTF8&low-price=32703.129999999997&high-price=63906.25,2019-12-05T08:45:14,https://www.amazon.in/Maithilis-COM-Womens-Saree-Scarlet-Red_Free/dp/B0781N5MMX/,72,Women's Silk Saree (Scarlet Red_Free Size)
B0781MGFST,https://www.amazon.in/s/260-3287618-1190060?fst=as%3Aoff&rh=n%3A1571271031%2Cn%3A%211571272031%2Cn%3A1953602031%2Cn%3A1968253031%2Cn%3A1968256031%2Cp_36%3A4595088031&bbn=1968256031&ie=UTF8&low-price=32703.129999999997&high-price=63906.25,2019-12-05T08:45:14,https://www.amazon.in/Maithilis-COM-Womens-Silk-Saree-Green_Free/dp/B0781MGFST/,73,Women's Silk Saree (Green_Free Size)
